plane_id,flight_id,origin_country,time_position,last_contact,longitude,latitude,flight_altitude_m,on_ground,velocity,true_track,vertical_rate,inside_saudi_boundary,registration,manufacturername,model,typecode,openap_typecode,aircraft_metadata_matched,weather_time,weather_location_id,weather_latitude,weather_longitude,weather_distance_km,pressure_level_hpa,flight_temperature_c,flight_wind_speed_kmh,flight_wind_direction_deg,headwind_component_ms,crosswind_component_ms,derived_airspeed_ms,fuel_flow_ready,estimated_mass_kg,fuel_flow_kg_s,co2_g_s,nox_g_s,co_g_s,hc_g_s,sox_g_s,soot_g_s
739222,4XCDE,Israel,2026-09-18 15:20:35+00:00,2026-09-18 15:20:35+00:00,35.0522,32.8457,449.58,False,43.76,17.8,3.25,False,4X-CDE,,,C172,,True,2026-09-18 15:00:00+00:00,0,32.8125,35.125,7.739359741157518,850,15.8,39.7,279.0,-1.6870938056878686,-10.897962984285597,43.46142005091696,False,,,,,,,,
74282d,JAV271,Jordan,2026-09-18 15:20:35+00:00,2026-09-18 15:20:35+00:00,35.0496,32.0513,6393.18,False,209.04,299.97,6.18,False,,,,,,False,2026-09-18 15:00:00+00:00,1,32.125,35.0,9.43362747917352,500,-5.6,57.4,259.0,12.038900427071077,-10.45419461981855,221.32593702318724,False,,,,,,,,
8015c2,IGO094,India,2026-09-18 15:20:34+00:00,2026-09-18 15:20:35+00:00,51.5766,22.9726,11414.76,False,232.84,99.8,0.0,True,,,,,,False,2026-09-18 15:00:00+00:00,2,23.022846,51.630096,7.822977886638421,250,-40.0,11.1,167.0,1.194839724893984,2.842411384064543,234.05209998530898,False,,,,,,,,
0180a0,BNL741,Libyan Arab Jamahiriya,2026-09-18 15:20:34+00:00,2026-09-18 15:20:35+00:00,50.2697,23.682,11711.94,False,248.48,292.26,0.0,True,5A-BRB,,,A320,A320,True,2026-09-18 15:00:00+00:00,3,23.725834,50.27455,4.899067928316016,250,-40.5,28.8,182.0,-2.7702463766660212,-7.5050473024870925,245.8243453375846,True,66300.0,0.7502477509800457,2370.7828930969445,10.431683221134254,1.9645366544980873,0.1767110412054063,0.9002973011760548,0.02250743252940137
728679,IAW163,Iraq,2026-09-18 15:18:45+00:00,2026-09-18 15:18:45+00:00,36.0761,31.7282,1059.18,False,74.17,260.02,-3.9,False,,,,,,False,2026-09-18 15:00:00+00:00,4,31.6875,36.125,6.471453844470332,850,16.9,41.5,287.0,10.273151420276223,5.229915906580501,84.60495164100979,False,,,,,,,,
4521ac,CYF462,Bulgaria,2026-09-18 15:17:08+00:00,2026-09-18 15:17:08+00:00,34.8784,32.006,,True,4.37,120.94,,False,,,,,,False,2026-09-18 15:00:00+00:00,5,32.0,34.875,0.7402045168975425,,,,,,,,False,,,,,,,,
70203f,BBC349,Bangladesh,2026-09-18 15:20:35+00:00,2026-09-18 15:20:35+00:00,55.5766,25.0783,11711.94,False,251.47,277.17,0.0,False,S2-AFP,Boeing,777 3E9ER,B77W,B77W,True,2026-09-18 15:00:00+00:00,6,25.13181,55.631065,8.091873469022277,250,-39.5,23.6,345.0,2.473777896689409,6.0708921551800135,254.0163342464475,True,298775.0,3.259727912332431,10300.740202970483,82.07334592362803,3.7115710457266418,0.19744573318886596,3.9116734947989173,0.09779183736997293
89605b,ROJ003,United Arab Emirates,2026-09-18 15:20:33+00:00,2026-09-18 15:20:35+00:00,53.2824,24.9582,6263.64,False,188.02,117.9,-5.53,False,A6-AIN,Boeing,737NG 7Z5 BBJ,B737,B737,True,2026-09-18 15:00:00+00:00,7,24.99121,53.2831,3.671222631326932,500,-4.4,26.6,98.0,6.947684494021429,-2.5150266765742044,194.98390537719817,True,59500.0,0.43815984563824917,1384.5851122168674,3.9294627286855124,3.2959486873062196,0.30363210350676395,0.525791814765899,0.013144795369147474
8960ae,DUB2,United Arab Emirates,2026-09-18 15:16:24+00:00,2026-09-18 15:16:25+00:00,55.4011,25.2325,45.72,False,78.43,300.77,-3.58,False,A6-MMM,Boeing,747 422,B744,B744,True,2026-09-18 15:00:00+00:00,8,25.202108,55.39957,3.382939380203574,850,29.9,19.9,261.0,4.248752700132629,-3.536160015272149,82.75433871225907,True,337280.0,2.6781857979895087,8463.067121646847,33.80297960311927,5.624660848504748,0.29300572520605855,3.21382295758741,0.08034557393968526
500205,MEA422,San Marino,2026-09-18 15:20:32+00:00,2026-09-18 15:20:34+00:00,38.7293,31.7071,10652.76,False,236.56,152.26,0.0,True,T7-ME6,,A321-271NX,A21N,A21N,True,2026-09-18 15:00:00+00:00,9,31.6875,38.6875,4.515424403341259,250,-43.0,96.5,238.0,1.9911848079366334,26.731498119308945,240.04424751485496,True,82450.0,0.5525810417291921,1746.156091864247,5.823557964170568,2.46400734126224,0.029545020319972286,0.6630972500750305,0.016577431251875763
896120,UAE74W,United Arab Emirates,2026-09-18 15:19:59+00:00,2026-09-18 15:20:31+00:00,53.7864,22.7856,12031.98,False,253.75,91.86,0.0,True,A6-ECY,Boeing,777 31HER,B77W,B77W,True,2026-09-18 15:00:00+00:00,10,22.811949,53.8125,3.9676400801607663,200,-52.0,19.0,145.0,3.1659372452758547,4.222769189830303,256.95063843129304,True,298775.0,3.24732765698769,10261.5553960811,82.76781665419252,2.973836443689204,0.19655564860345262,3.8967931883852276,0.09741982970963069
896190,UAE25K,United Arab Emirates,2026-09-18 15:20:34+00:00,2026-09-18 15:20:35+00:00,54.9721,25.5612,3672.84,False,188.06,105.06,-2.6,False,A6-EEQ,Airbus,A380 861,A388,A388,True,2026-09-18 15:00:00+00:00,11,25.6239,54.97826,6.999237123785392,700,14.6,22.4,194.0,0.1151075939035649,6.221157418402284,188.2779167018844,True,476000.0,3.4073931582250805,10767.362379991255,57.0139343006848,4.254493777497629,0.255959410882818,4.088871789870097,0.10222179474675241
896179,UAE840,United Arab Emirates,2026-09-18 15:20:24+00:00,2026-09-18 15:20:31+00:00,52.9282,26.1453,8115.3,False,211.36,113.07,0.0,False,A6-EWG,Boeing,777 21HLR,B77L,B77L,True,2026-09-18 15:00:00+00:00,12,26.115992,52.935375,3.3366887487623824,300,-29.5,6.1,259.0,-1.4035994452910996,0.9492368368785309,209.95854634775372,True,298775.0,3.313082554206456,10469.340871292401,79.91270212798345,5.693734836302859,0.18286563788235116,3.975699065047747,0.09939247662619367
45211b,CYF457,Bulgaria,2026-09-18 15:17:32+00:00,2026-09-18 15:17:32+00:00,34.8699,32.0076,,True,5.4,210.94,,False,LZ-LAI,,,A320,A320,True,2026-09-18 15:00:00+00:00,5,32.0,34.875,0.9723325021788782,,,,,,,,False,,,,,,,,
8018e0,IGO081,India,2026-09-18 15:20:34+00:00,2026-09-18 15:20:35+00:00,55.4867,25.1955,11079.48,False,236.61,277.5,0.0,False,,,,,,False,2026-09-18 15:00:00+00:00,13,25.202108,55.49676,1.2507521133610902,250,-39.5,22.8,342.0,2.7265702797858697,5.716373467549117,239.40482618132702,False,,,,,,,,
896264,AUH03,United Arab Emirates,2026-09-18 15:19:31+00:00,2026-09-18 15:20:14+00:00,53.1552,22.8066,12672.06,False,245.0,91.8,0.0,True,A6-ALN,Boeing,Boeing 777 2ANER,B772,B772,True,2026-09-18 15:00:00+00:00,14,22.811949,53.15625,0.6044404523182758,200,-52.0,23.1,141.0,4.19278220893651,4.857384940432104,249.24011894855533,True,252450.0,3.056818811313064,9659.547443749283,104.16462388304602,2.2202906543000966,0.15070807122473662,3.6681825735756766,0.09170456433939192
471e16,ISR769,Hungary,2026-09-18 15:20:35+00:00,2026-09-18 15:20:35+00:00,34.2115,32.0583,4465.32,False,180.05,294.29,8.78,False,HA-LKG,Boeing,737NG 8CX/W,B738,B738,True,2026-09-18 15:00:00+00:00,15,32.125,34.1875,7.753653429077272,700,7.6,40.0,264.0,9.594262157089851,-5.604188057559309,189.72704892263394,True,67150.0,1.4306124249459817,4520.735262829302,28.702914173861014,1.4252826207279248,0.1814086845296315,1.716734909935178,0.04291837274837945
89625b,ETD4SR,United Arab Emirates,2026-09-18 15:20:28+00:00,2026-09-18 15:20:28+00:00,54.3706,24.4725,2887.98,False,141.98,110.8,-3.25,False,A6-EIM,Airbus,A320 232,A320,A320,True,2026-09-18 15:00:00+00:00,16,24.49912,54.423077,6.079623689768245,700,14.3,21.1,194.0,0.6939788142408806,5.819881172513314,142.7926302284142,True,66300.0,0.4420641809387444,1396.9228117664322,3.603533793712779,6.43841058425996,0.7298215103152789,0.5304770171264932,0.013261925428162331
738287,ISR514,Israel,2026-09-18 15:20:35+00:00,2026-09-18 15:20:35+00:00,34.0979,32.4425,3589.02,False,171.05,133.29,-5.2,False,4X-ABS,Airbus Industrie,A-320-232,A320,A320,True,2026-09-18 15:00:00+00:00,17,32.375,34.125,7.925087678423136,700,6.7,34.1,271.0,-7.007062621539279,6.373701220247746,164.16671212824656,True,66300.0,0.3710682578199934,1172.5756947111793,2.67306167089065,7.6092675626739785,0.888686226840783,0.4452819093839921,0.011132047734599802
896406,ETD11K,United Arab Emirates,2026-09-18 15:20:35+00:00,2026-09-18 15:20:35+00:00,53.48,24.8877,5966.46,False,196.49,120.53,-7.15,False,A6-APC,Airbus,A380 861,A388,A388,True,2026-09-18 15:00:00+00:00,18,24.920912,53.51613,5.188090246686883,500,-4.2,27.7,95.0,6.943156931057141,-3.3161795999847694,203.46018378561317,True,476000.0,1.7621377859590883,5568.355403630719,18.045846573780153,25.26288901759056,2.8952481384748237,2.1145653431509057,0.05286413357877265
896364,ABY188,United Arab Emirates,2026-09-18 15:20:35+00:00,2026-09-18 15:20:35+00:00,53.9044,25.9132,8412.48,False,221.37,101.94,-4.88,False,A6-ANM,Airbus,A320 214SL,A320,A320,True,2026-09-18 15:00:00+00:00,19,25.905096,53.941048,3.7746197197840177,300,-29.5,5.1,315.0,-1.1873079983389243,-0.7728157358160229,220.18404824432645,True,66300.0,0.508960848170855,1608.3162802199017,4.981947363578166,1.7753174104487526,0.10323697238751436,0.6107530178050259,0.015268825445125648
89638d,ABY322,United Arab Emirates,2026-09-18 15:20:35+00:00,2026-09-18 15:20:35+00:00,55.3084,25.5388,2529.84,False,154.35,119.56,-8.78,False,A6-ANT,Airbus,A320 214SL,A320,A320,True,2026-09-18 15:00:00+00:00,20,25.483303,55.347073,7.289927145114464,700,14.6,19.9,194.0,1.4828116895043475,5.325185128609435,155.92377238801814,True,66300.0,0.17639365153327724,557.4039388451561,0.7717156781307504,6.428216851957669,0.7798495052374977,0.21167238183993267,0.005291809545998317
8963f9,ETD3JY,United Arab Emirates,2026-09-18 15:20:35+00:00,2026-09-18 15:20:35+00:00,55.8126,23.538,7581.9,False,223.41,334.2,-10.73,False,A6-EIY,Airbus,A320 232SL,A320,A320,True,2026-09-18 15:00:00+00:00,21,23.514936,55.800003,2.8681996149068163,500,-3.3,20.7,80.0,-1.5656114204833018,5.532753462793391,221.91337072177433,True,66300.0,0.2417147330176438,763.8185563357544,1.3156176582155006,8.525760441352473,1.0180905465156307,0.2900576796211725,0.007251441990529313
8963ff,ABY818,United Arab Emirates,2026-09-18 15:20:35+00:00,2026-09-18 15:20:35+00:00,54.6277,25.3373,4770.12,False,198.28,267.32,9.1,False,A6-AOC,Airbus,A320 214SL,A320,A320,True,2026-09-18 15:00:00+00:00,22,25.272406,54.583782,8.459318909559842,500,-4.0,23.2,69.0,-6.117813034885928,2.0256425814320473,192.17286313911015,True,66300.0,1.3928162310125145,4401.299289999546,29.058857473137934,1.3990186045144852,0.18776324256510785,1.6713794772150175,0.04178448693037543
8963e6,UAE7CN,United Arab Emirates,2026-09-18 15:20:34+00:00,2026-09-18 15:20:34+00:00,54.3332,25.656,5356.86,False,179.93,108.85,-10.08,False,A6-EOI,Airbus,A380 861,A388,A388,True,2026-09-18 15:00:00+00:00,23,25.694199,54.254623,8.947188978157174,500,-4.2,17.5,74.0,3.9892749895075035,-2.7777844215593483,183.94025062220268,True,476000.0,0.7201813647374841,2275.7731125704495,3.6586238407974765,32.10631719797191,3.862701652168151,0.8642176376849808,0.02160544094212452
8963dc,UAE858,United Arab Emirates,2026-09-18 15:20:25+00:00,2026-09-18 15:20:35+00:00,50.0819,28.0624,11376.66,False,252.83,146.12,0.0,False,A6-EPM,Boeing,Boeing 777-31H(ER),B77W,B77W,True,2026-09-18 15:00:00+00:00,24,28.084358,50.13559,5.806002067619566,250,-41.0,48.6,230.0,1.43925058271601,13.423060670359485,254.6233106957338,True,298775.0,3.293571496608512,10407.685929282898,82.45680494923863,4.236782558869869,0.19702836186024655,3.9522857959302145,0.09880714489825536
8963b2,FDB55U,United Arab Emirates,2026-09-18 15:20:32+00:00,2026-09-18 15:20:35+00:00,50.0925,26.9974,12016.74,False,242.97,105.1,0.0,False,A6-FEP,Boeing,737NG 8KN/W,B738,B738,True,2026-09-18 15:00:00+00:00,25,27.029877,50.100002,3.6869544335828484,200,-52.5,37.5,220.0,-4.385789722578031,9.448375148869426,238.77122353134365,True,67150.0,0.7238255043663844,2287.2885937977744,9.533294473411612,1.6600509984521052,0.1593649953280555,0.8685906052396613,0.02171476513099153
4bb154,THY6288,Turkey,2026-09-18 15:20:34+00:00,2026-09-18 15:20:35+00:00,50.9488,27.0003,12664.44,False,247.26,127.56,0.0,False,TC-LJT,Boeing,Boeing 777-F,B77L,B77L,True,2026-09-18 15:00:00+00:00,26,27.029877,50.9,5.846885785083281,200,-52.5,33.9,225.0,-1.219344224142724,9.337387791784215,246.21777170908695,True,298775.0,3.226389741525388,10195.391583220226,83.77932156560472,1.34504322799353,0.19351778431354946,3.871667689830465,0.09679169224576163
8963b7,FDB746,United Arab Emirates,2026-09-18 15:20:32+00:00,2026-09-18 15:20:35+00:00,49.9785,27.0484,12649.2,False,240.94,96.87,0.0,False,A6-FEU,Boeing,737NG 8KN/W,B738,B738,True,2026-09-18 15:00:00+00:00,27,27.029877,50.0,2.962510832925786,200,-52.5,37.5,220.0,-5.693130360731565,8.723256911278089,235.40854888090857,True,67150.0,0.7186647121344619,2270.9804903449,9.622760759528289,1.6450179729595944,0.17574256050733417,0.8623976545613543,0.021559941364033858
896539,ETD99P,United Arab Emirates,2026-09-18 15:20:35+00:00,2026-09-18 15:20:35+00:00,55.4114,24.1706,4251.96,False,167.73,341.4,-6.5,False,A6-BNB,Boeing Company,B787-9,B789,B789,True,2026-09-18 15:00:00+00:00,28,24.217924,55.436172,5.831262426163079,700,14.3,10.8,193.0,-2.555180802429142,-1.5719577179102386,165.18229913649077,True,215900.0,0.7805396769966795,2466.505379309507,7.651574266061081,3.7000164791629446,0.01001895933139241,0.9366476123960153,0.023416190309900383
896514,FDB1125,United Arab Emirates,2026-09-18 15:20:35+00:00,2026-09-18 15:20:35+00:00,36.002,31.017,7848.6,False,208.83,335.71,-5.2,False,A6-FNA,,,B39M,B39M,True,2026-09-18 15:00:00+00:00,29,31.0,36.0,1.8998993694820996,300,-35.5,69.1,262.0,5.384026061998123,-18.423869324726255,215.0048555790892,True,74800.0,0.41805085943494635,1321.0407158144305,4.196132968905806,0.8622952567630652,0.031361337484214775,0.5016610313219356,0.01254152578304839
896512,FDB3PR,United Arab Emirates,2026-09-18 15:20:35+00:00,2026-09-18 15:20:35+00:00,37.9893,32.9665,11879.58,False,231.68,153.49,-0.33,False,A6-FMG,,737-8 MAX,B38M,B38M,True,2026-09-18 15:00:00+00:00,30,33.0,38.0,3.8564112798124137,200,-52.5,93.4,242.0,0.6746197626834061,25.93567206969315,233.7976227654333,True,69700.0,0.5848183555054453,1848.026003397207,6.750768496748083,0.7807767731205604,0.05463272027412986,0.7017820266065343,0.017544550665163357
896518,FDB1148,United Arab Emirates,2026-09-18 15:20:35+00:00,2026-09-18 15:20:35+00:00,52.3318,26.3714,12839.7,False,233.44,110.51,-9.75,False,A6-FMI,,,B38M,B38M,True,2026-09-18 15:00:00+00:00,31,26.397186,52.27723,6.145693945608426,200,-52.0,25.0,235.0,-3.932377716279645,5.7237849486578884,229.57898510200218,True,69700.0,0.18256419344834804,576.9028512967798,1.1367125169015921,2.5154875373628944,0.10516146257796324,0.21907703213801763,0.005476925803450441
896516,FDB855,United Arab Emirates,2026-09-18 15:20:32+00:00,2026-09-18 15:20:32+00:00,54.6917,24.4665,7795.26,False,209.3,210.09,5.85,False,A6-FNC,,,B39M,B39M,True,2026-09-18 15:00:00+00:00,32,24.49912,54.71154,4.1457774024061536,500,-3.7,23.3,78.0,-4.338311847819365,-4.802989777721507,205.01795609408617,True,74800.0,0.9555332234835562,3019.4849862080378,14.605728598024994,0.43077476326834263,0.059794498204621675,1.1466398681802674,0.028665996704506685
a98ac6,UNIDENT,United States,2026-09-18 15:20:36+00:00,2026-09-18 15:20:36+00:00,51.0922,25.748,4511.04,False,50.54,321.61,0.0,False,N7139A,Cessna,172,C172,,True,2026-09-18 15:00:00+00:00,33,25.694199,51.12078,6.632214022324205,700,16.4,12.5,6.0,2.4812318855542252,2.4289535793429344,53.07683907461253,False,,,,,,,,
89647c,UAE8UW,United Arab Emirates,2026-09-18 15:20:35+00:00,2026-09-18 15:20:35+00:00,55.5934,25.1134,769.62,False,106.98,333.43,-2.6,False,A6-EUR,Airbus,A380 842,A388,A388,True,2026-09-18 15:00:00+00:00,6,25.13181,55.631065,4.309245382448305,850,29.8,19.2,274.0,2.712483533446524,-4.592045026480674,109.78855961010082,True,476000.0,2.583959284528283,8165.311339109374,32.254657476375606,10.434680456734956,1.0502938231226953,3.1007511414339395,0.07751877853584849
89646b,FDB3HP,United Arab Emirates,2026-09-18 15:20:34+00:00,2026-09-18 15:20:34+00:00,54.7175,25.6678,4351.02,False,181.13,112.19,-5.2,False,A6-FGD,Boeing,737NG 8KN/W,B738,B738,True,2026-09-18 15:00:00+00:00,34,25.694199,54.744286,3.977689192074154,700,14.8,25.3,191.0,1.3638326177861595,6.894172980458912,182.62400872999433,True,67150.0,0.44420122737708967,1403.6758785116033,3.9373639864372176,3.803386678180065,0.36031804829341046,0.5330414728525076,0.01332603682131269
896429,ETD96B,United Arab Emirates,2026-09-18 15:20:34+00:00,2026-09-18 15:20:34+00:00,54.8002,24.2386,1310.64,False,131.61,129.29,-1.63,False,A6-EJA,Airbus,A320 232SL,A320,A320,True,2026-09-18 15:00:00+00:00,35,24.217924,54.76596,4.164156070176815,850,29.4,23.3,258.0,-4.04759093955683,5.050412664312157,127.66234712468545,True,66300.0,0.566760716792917,1790.9638650656175,5.4271651883723235,3.376121960596066,0.3269298364872758,0.6801128601515003,0.01700282150378751
896442,ETD980,United Arab Emirates,2026-09-18 15:20:12+00:00,2026-09-18 15:20:26+00:00,55.5574,23.8088,5349.24,False,194.2,308.11,-8.45,False,A6-DDE,Boeing,777 FFX,B77L,B77L,True,2026-09-18 15:00:00+00:00,36,23.796133,55.560253,1.4381021471727675,500,-3.5,24.7,76.0,-4.213734027464648,5.414729099853371,190.06341191668568,True,298775.0,1.2345572252981671,3901.200831942208,14.277620218351503,24.663186285880723,2.416290616520427,1.4814686703578006,0.037036716758945015
89642d,ABY597,United Arab Emirates,2026-09-18 15:20:35+00:00,2026-09-18 15:20:35+00:00,54.336,25.3877,5669.28,False,208.19,286.51,6.5,False,A6-AOJ,Airbus,A320 214SL,A320,A320,True,2026-09-18 15:00:00+00:00,37,25.413004,54.312027,3.703403989239268,500,-4.0,23.1,81.0,-5.791106681886331,2.7634569853939492,202.41775789418102,True,66300.0,1.2364755944460584,3907.2628784495446,23.641509056858805,1.6219376694783108,0.18041750093653736,1.48377071333527,0.03709426783338175
89649e,ETD81C,United Arab Emirates,2026-09-18 15:20:21+00:00,2026-09-18 15:20:21+00:00,54.7731,24.3692,838.2,False,88.22,308.61,-4.88,False,A6-APJ,Airbus,A380 861,A388,A388,True,2026-09-18 15:00:00+00:00,38,24.358522,54.78678,1.8247965333431106,850,29.3,23.5,261.0,4.400854742991876,-4.8212405298984295,92.74625110250837,True,476000.0,1.3447514564708016,4249.414602447733,9.710182889276801,36.1882233640862,4.325676819185233,1.613701747764962,0.040342543694124045
8964d2,FDB202,United Arab Emirates,2026-09-18 15:20:34+00:00,2026-09-18 15:20:35+00:00,54.5192,25.7426,5684.52,False,192.6,112.46,-11.38,False,A6-FMC,,,B38M,B38M,True,2026-09-18 15:00:00+00:00,39,25.694199,54.54842,6.126510912933117,500,-4.0,17.2,65.0,3.230278295951358,-3.5202929742469946,195.86191656392597,True,69700.0,0.13319638679328163,420.90058226676996,0.6068482176513141,2.9206669669078025,0.12808360386068807,0.15983566415193795,0.003995891603798449
4c8097,CYP11B,Cyprus,2026-09-18 15:18:40+00:00,2026-09-18 15:18:50+00:00,34.8994,31.9973,114.3,False,65.55,301.2,-3.25,False,,,,,,False,2026-09-18 15:00:00+00:00,5,32.0,34.875,2.3204250673270983,850,15.9,33.8,280.0,8.753484578078975,-3.3952529079929756,74.38101614494154,False,,,,,,,,
89664b,ABY104,United Arab Emirates,2026-09-18 15:20:34+00:00,2026-09-18 15:20:34+00:00,52.3286,26.3724,8145.78,False,210.98,110.56,0.0,False,,,,,,False,2026-09-18 15:00:00+00:00,31,26.397186,52.27723,5.812074093444142,300,-29.5,8.7,254.0,-1.9411476805871466,1.4395219553479965,209.04380881163937,False,,,,,,,,
896660,FDB898,United Arab Emirates,2026-09-18 15:20:33+00:00,2026-09-18 15:20:35+00:00,49.6288,27.063,12649.2,False,241.13,93.18,0.0,False,,,,,,False,2026-09-18 15:00:00+00:00,40,27.100174,49.55506,8.389505018343202,200,-52.5,40.1,219.0,-6.5189317323397065,9.03207477538283,234.78486264757547,False,,,,,,,,
896621,UAE102,United Arab Emirates,2026-09-18 15:20:34+00:00,2026-09-18 15:20:34+00:00,54.0571,25.7399,6736.08,False,209.26,109.68,-3.25,False,,,,,,False,2026-09-18 15:00:00+00:00,41,25.694199,54.058758,5.084433166895685,500,-4.2,18.6,75.0,4.2487706527288855,-2.939794616117631,213.529008656961,False,,,,,,,,
896609,FDB1626,United Arab Emirates,2026-09-18 15:16:19+00:00,2026-09-18 15:16:24+00:00,39.272,30.575,11102.34,False,250.31,116.62,4.23,True,,,,,,False,2026-09-18 15:00:00+00:00,42,30.625,39.3125,6.777623182334518,250,-43.5,106.1,225.0,-9.293116198879481,27.968730289917936,242.634268295377,False,,,,,,,,
896608,FDB5YM,United Arab Emirates,2026-09-18 15:20:35+00:00,2026-09-18 15:20:35+00:00,55.2911,25.3851,2667.0,False,151.58,131.7,-3.58,False,,,,,,False,2026-09-18 15:00:00+00:00,61,25.413004,55.189598,10.65725664791225,700,14.3,18.1,202.0,1.6948400492938283,4.7335046836383015,153.34791377363644,False,,,,,,,,
896604,FDB1807,United Arab Emirates,2026-09-18 15:20:34+00:00,2026-09-18 15:20:35+00:00,50.0007,26.8769,11696.7,False,235.14,295.95,0.0,False,,,,,,False,2026-09-18 15:00:00+00:00,44,26.81898,49.933556,9.265617921089145,250,-41.0,37.7,217.0,2.007164273121797,-10.278070336999471,237.36978799467153,False,,,,,,,,
896616,UAE9753,United Arab Emirates,2026-09-18 15:20:33+00:00,2026-09-18 15:20:33+00:00,53.4458,26.1353,9814.56,False,246.65,114.0,-5.53,False,,,,,,False,2026-09-18 15:00:00+00:00,45,26.115992,53.428257,2.7706990596363763,300,-29.5,6.1,281.0,-1.651015943108315,0.3811670643048826,244.99928056473956,False,,,,,,,,
89660b,FDB812,United Arab Emirates,2026-09-18 15:19:02+00:00,2026-09-18 15:19:39+00:00,52.8271,22.3079,11391.9,False,235.82,75.6,-0.33,True,,,,,,False,2026-09-18 15:00:00+00:00,46,22.319859,52.771458,5.876243951366682,250,-40.0,12.1,84.0,3.3250542302367103,0.49100129044588375,239.1455582799941,False,,,,,,,,
89656c,FDB8277,United Arab Emirates,2026-09-18 15:20:35+00:00,2026-09-18 15:20:35+00:00,50.5212,26.6918,11711.94,False,233.13,288.0,0.0,False,A6-FMR,,737-8 MAX,B38M,B38M,True,2026-09-18 15:00:00+00:00,47,26.678381,50.519337,1.5035607997688791,250,-40.5,34.1,219.0,3.394540855415207,-8.843081262098496,236.68979385067084,True,69700.0,0.6025212377028382,1903.9671111409687,7.068287822928567,0.7734903212301768,0.054726516538404005,0.7230254852434058,0.018075637131085145
89656b,FDB1405,United Arab Emirates,2026-09-18 15:20:03+00:00,2026-09-18 15:20:10+00:00,49.6647,26.938,12344.4,False,232.8,288.15,0.0,True,A6-FMQ,,,B38M,B38M,True,2026-09-18 15:00:00+00:00,48,26.889278,49.68958,5.952843226871507,200,-52.5,37.7,217.0,3.383487868372784,-9.910572542299418,236.39132680744862,True,69700.0,0.5973936787719862,1887.7640249194765,7.022799078255519,0.6380095241052139,0.058654018734554246,0.7168724145263835,0.017921810363159586
896582,ABY266,United Arab Emirates,2026-09-18 15:20:35+00:00,2026-09-18 15:20:35+00:00,51.9403,26.6423,12031.98,False,244.73,109.65,0.0,False,A6-ATD,,,A21N,A21N,True,2026-09-18 15:00:00+00:00,49,26.608084,51.854305,9.356662520584806,200,-52.0,27.4,232.0,-4.072627739034058,6.429830141219078,240.7432523232958,True,82450.0,0.5473107303378588,1729.501907867634,5.9034009750919,2.362457193059961,0.040905974775408326,0.6567728764054306,0.016419321910135763
896559,ABY155,United Arab Emirates,2026-09-18 15:20:35+00:00,2026-09-18 15:20:35+00:00,51.1242,26.7657,11399.52,False,241.62,109.4,0.0,False,A6-ATC,,,A21N,A21N,True,2026-09-18 15:00:00+00:00,50,26.81898,51.129566,5.948358972352439,250,-40.5,30.6,228.0,-4.0688807924951576,7.462855291137835,237.66831603273215,True,82450.0,0.5466757602325646,1727.4954023349042,5.77551841121746,2.460500236345889,0.033662696949746496,0.6560109122790775,0.016400272806976937
8964b2,UAE216,United Arab Emirates,2026-09-18 15:20:35+00:00,2026-09-18 15:20:35+00:00,55.4297,25.1804,1737.36,False,112.3,152.14,-4.55,False,A6-EVD,Airbus,A380 842,A388,A388,True,2026-09-18 15:00:00+00:00,8,25.202108,55.39957,3.8752422494635272,850,29.9,19.9,261.0,-1.7868920161042476,5.230998383031362,110.63684006850286,True,476000.0,1.506565199722408,4760.74603112281,12.324602313606727,36.155136454792824,4.300850964450338,1.8078782396668895,0.04519695599167224
8964b7,UAE41P,United Arab Emirates,2026-09-18 15:20:35+00:00,2026-09-18 15:20:35+00:00,55.5245,25.0811,1295.4,False,117.25,121.18,-4.88,False,A6-EVI,,A380-842,A388,A388,True,2026-09-18 15:00:00+00:00,51,25.06151,55.47414,5.520140905627376,850,29.8,19.6,271.0,-4.706451831407369,2.737021459047078,112.57682497229887,True,476000.0,1.2607782794690328,3984.0593631221436,8.826774056879932,36.11572185284739,4.321588269396485,1.5129339353628393,0.03782334838407098
8964c3,ETD98V,United Arab Emirates,2026-09-18 15:20:35+00:00,2026-09-18 15:20:35+00:00,55.2754,24.3329,3322.32,False,154.56,287.83,-1.95,False,A6-BLS,,B787-9,B789,B789,True,2026-09-18 15:00:00+00:00,52,24.288223,55.303513,5.72672896321334,700,14.5,14.2,195.0,-0.19474801716504717,-3.939633889731243,154.41551649659192,True,215900.0,1.566616421603477,4950.507892266987,28.716796026736343,1.119983666032469,0.0,1.8799397059241723,0.04699849264810431
8965fa,ADY782,United Arab Emirates,2026-09-18 15:20:27+00:00,2026-09-18 15:20:27+00:00,54.941,24.2707,1630.68,False,116.3,283.3,-4.88,False,A6-AUG,,,A320,A320,True,2026-09-18 15:00:00+00:00,53,24.288223,54.920128,2.8761463464653834,850,29.6,23.2,259.0,5.8734877827617575,-2.6519814221218128,122.2022672558407,True,66300.0,0.2394540749013285,756.6748766881981,1.1922099953458558,7.543725778501878,0.911213428220145,0.2873448898815942,0.0071836222470398545
896749,ABY669,United Arab Emirates,2026-09-18 15:20:22+00:00,2026-09-18 15:20:22+00:00,39.4743,31.1456,12557.76,False,232.25,131.14,0.33,True,,,,,,False,2026-09-18 15:00:00+00:00,54,31.125,39.5,3.3511331510844173,200,-53.0,120.9,230.0,-5.1725259073748555,33.18260468250366,229.48913807368348,False,,,,,,,,
896746,ABY965,United Arab Emirates,2026-09-18 15:20:34+00:00,2026-09-18 15:20:36+00:00,51.3393,26.4377,11696.7,False,229.43,289.65,0.0,False,,,,,,False,2026-09-18 15:00:00+00:00,55,26.397186,51.28713,6.876441800168788,250,-40.5,28.9,222.0,3.0526701744415647,-7.42471688722591,232.6012002382912,False,,,,,,,,
896741,ABY148,United Arab Emirates,2026-09-18 15:20:35+00:00,2026-09-18 15:20:35+00:00,50.7612,26.9025,12016.74,False,238.79,113.09,0.0,False,,,,,,False,2026-09-18 15:00:00+00:00,56,26.889278,50.78714,2.9628940762913207,200,-52.5,32.2,225.0,-3.3376168941110373,8.298397428895393,235.59857408339764,False,,,,,,,,
89670a,ADY691,United Arab Emirates,2026-09-18 15:20:34+00:00,2026-09-18 15:20:35+00:00,53.6763,24.7838,5798.82,False,207.69,121.01,-12.68,False,,,,,,False,2026-09-18 15:00:00+00:00,57,24.780315,53.690987,1.5325265090273341,500,-4.0,26.4,93.0,6.474348035218294,-3.4439214997793988,214.19203665086792,False,,,,,,,,
89405f,GFA173,Bahrain,2026-09-18 15:20:34+00:00,2026-09-18 15:20:35+00:00,50.8094,26.2091,2202.18,False,136.31,241.11,11.05,False,A9C-AH,Airbus,A320 214,A320,A320,True,2026-09-18 15:00:00+00:00,58,26.18629,50.82237,2.84739680681433,850,28.5,13.3,354.0,-1.4370028115306077,3.403519160037086,134.9159342452685,True,66300.0,1.6203628324837405,5120.34655064862,36.1922633256805,1.2637861171119622,0.1874255924594943,1.9444353989804886,0.048610884974512214
89405d,GFA510,Bahrain,2026-09-18 15:20:35+00:00,2026-09-18 15:20:35+00:00,51.7735,26.5569,8145.78,False,210.88,109.67,0.0,False,A9C-AF,Airbus,A320 214,A320,A320,True,2026-09-18 15:00:00+00:00,66,26.537785,51.797134,3.16929741521087,300,-30.0,11.8,246.0,-2.37091104036181,2.2633179182749172,208.52137249399038,True,66300.0,0.7788829745038081,2461.2701994320337,10.435023442600539,2.0152079254259117,0.14442727214084675,0.9346595694045696,0.02336648923511424
700024,KMF994,Afghanistan,2026-09-18 15:20:32+00:00,2026-09-18 15:20:35+00:00,51.6882,22.9377,12009.12,False,237.69,98.46,0.0,True,YA-KMU,,,A343,A343,True,2026-09-18 15:00:00+00:00,60,22.882248,51.710114,6.561794841456284,200,-52.5,34.0,148.0,6.128660806746617,7.185892260536992,243.92453014236884,True,234600.0,2.2917078176238865,7241.7967036914815,46.857808624835336,4.181347933700359,0.044138585311233,2.750049381148664,0.06875123452871659
896689,FDB4YF,United Arab Emirates,2026-09-18 15:19:42+00:00,2026-09-18 15:19:47+00:00,55.4023,25.2318,45.72,False,77.82,301.48,-3.9,False,,,,,,False,2026-09-18 15:00:00+00:00,8,25.202108,55.39957,3.3130023035025866,850,29.9,19.9,261.0,4.204608090595035,-3.5885370229379823,82.10306894617706,False,,,,,,,,
896690,ABY138,United Arab Emirates,2026-09-18 15:20:35+00:00,2026-09-18 15:20:35+00:00,55.1632,25.374,2301.24,False,141.73,244.18,3.25,False,,,,,,False,2026-09-18 15:00:00+00:00,61,25.413004,55.189598,5.083465055702833,850,29.9,19.9,261.0,5.291291418558226,1.5995506507722443,147.02999249358956,False,,,,,,,,
896698,ETD556,United Arab Emirates,2026-09-18 15:20:34+00:00,2026-09-18 15:20:34+00:00,54.525,24.4183,2125.98,False,132.53,110.69,-3.25,False,,,,,,False,2026-09-18 15:00:00+00:00,62,24.358522,54.498936,7.1519285940931265,850,29.2,24.5,255.0,-5.5273726003027726,3.970357484808546,127.06467292282107,False,,,,,,,,
896678,ETD75C,United Arab Emirates,2026-09-18 15:16:27+00:00,2026-09-18 15:19:59+00:00,54.8095,24.3257,937.26,False,77.38,307.71,-4.55,False,,,,,,False,2026-09-18 15:00:00+00:00,38,24.358522,54.78678,4.3148534098370455,850,29.3,23.5,261.0,4.476040575303388,-4.7515201235275315,81.9938310005698,False,,,,,,,,
896682,UAE4AJ,United Arab Emirates,2026-09-18 15:17:47+00:00,2026-09-18 15:17:53+00:00,48.3388,27.5466,12931.14,False,248.44,298.85,0.0,True,,,,,,False,2026-09-18 15:00:00+00:00,64,27.521967,48.27548,6.817785973722812,200,-53.0,44.3,221.0,2.5899719333566162,-12.029910345272285,251.3180565573773,False,,,,,,,,
8965d7,FDB9GN,United Arab Emirates,2026-09-18 15:20:34+00:00,2026-09-18 15:20:35+00:00,51.2957,26.8365,12031.98,False,242.07,108.59,-0.33,False,,,,,,False,2026-09-18 15:00:00+00:00,65,26.81898,51.328903,3.8275037317815297,200,-52.0,28.9,228.0,-3.9420868519934813,6.993222955170443,238.23057777608076,False,,,,,,,,
8965cd,FDB1082,United Arab Emirates,2026-09-18 15:20:35+00:00,2026-09-18 15:20:35+00:00,51.8017,26.5476,11391.9,False,244.42,109.81,0.0,False,A6-FKB,,,B38M,B38M,True,2026-09-18 15:00:00+00:00,66,26.537785,51.797134,1.1821198304975156,250,-40.5,27.2,229.0,-3.6848995853827304,6.596054487247099,240.82544821184197,True,69700.0,0.6115176044506965,1932.3956300642008,7.222356240512114,0.8080542664506514,0.05324289346796859,0.7338211253408358,0.018345528133520892
8965cc,FDB39K,United Arab Emirates,2026-09-18 15:20:35+00:00,2026-09-18 15:20:35+00:00,53.319,25.6337,9235.44,False,228.09,284.63,3.9,False,A6-FKA,,,B38M,B38M,True,2026-09-18 15:00:00+00:00,67,25.6239,53.315216,1.1538571615715145,300,-29.5,2.7,243.0,0.56058776779188,-0.49823825084202167,228.65113060711354,True,69700.0,0.8118765221542329,2565.529810007376,11.282709424003711,0.6105474200903234,0.057163538916123795,0.9742518265850795,0.024356295664626985
748028,MEA418,Lebanon,2026-09-18 15:17:41+00:00,2026-09-18 15:17:41+00:00,54.6891,24.4062,952.5,False,97.1,25.75,-2.6,False,OD-MRO,Airbus,A320 232,A320,A320,True,2026-09-18 15:00:00+00:00,68,24.358522,54.690834,5.304459564872812,850,29.3,23.5,261.0,-3.7208122002814212,-5.363528622678014,93.53309656705157,True,66300.0,0.43660335452778426,1379.6666003077983,3.313408870814406,7.149906412042234,0.8288031810268411,0.523924025433341,0.013098100635833528
8965c4,FDB1715,United Arab Emirates,2026-09-18 15:20:32+00:00,2026-09-18 15:20:35+00:00,52.8175,25.7985,10340.34,False,234.24,297.47,2.6,False,A6-FPE,,,B38M,B38M,True,2026-09-18 15:00:00+00:00,69,25.834797,52.802616,4.302239305618611,300,-29.5,4.9,256.0,1.0198840470149657,-0.9013656236148009,235.2616107693781,True,69700.0,0.737487773299816,2330.4613636274185,9.667480440210667,0.6877323260285946,0.05632787685523411,0.8849853279597791,0.02212463319899448
89409f,GFA004,Bahrain,2026-09-18 15:17:44+00:00,2026-09-18 15:17:51+00:00,50.439,26.482,1333.5,False,119.46,182.47,-5.85,False,A9C-FH,,,B789,B789,True,2026-09-18 15:00:00+00:00,70,26.537785,50.40794,6.930296795021839,850,28.5,28.6,351.0,-7.785785619488515,1.5797910679042446,111.68538802064785,True,215900.0,0.42603431971032063,1346.2684502846132,2.573636515628979,3.1038150524831227,0.009128867801420951,0.5112411836523847,0.012781029591309619
894095,GFA509,Bahrain,2026-09-18 15:20:35+00:00,2026-09-18 15:20:35+00:00,54.7733,25.1988,4655.82,False,196.25,267.15,8.13,False,A9C-TB,,A320-251N,A20N,A20N,True,2026-09-18 15:00:00+00:00,71,25.202108,54.816418,4.35374596761917,500,-4.0,23.2,69.0,-6.123796299704265,2.0074817750752327,190.13680158392168,True,67150.0,0.8315871559540011,2627.8154128146434,10.685664162710838,2.250467724110071,0.0349733567046601,0.9979045871448013,0.02494761467862003
89408b,GFA002,Bahrain,2026-09-18 15:20:30+00:00,2026-09-18 15:20:32+00:00,50.1388,26.537,3291.84,False,142.67,108.5,-0.33,False,A9C-FA,,,B789,B789,True,2026-09-18 15:00:00+00:00,72,26.467485,50.055065,11.365686988394147,700,15.5,32.9,1.0,-2.7481168899140513,-8.715913244337962,140.1930829847014,True,215900.0,1.8073268676153922,5711.152901664639,37.92046977982597,1.262454959434345,0.0,2.1687922411384704,0.05421980602846176
3b775b,CTM2006,France,2026-09-18 15:20:27+00:00,2026-09-18 15:20:31+00:00,50.1352,26.4874,1981.2,False,131.46,30.58,0.98,False,F-RBAT,,,A400,,True,2026-09-18 15:00:00+00:00,72,26.467485,50.055065,8.27767459558461,850,29.0,31.7,344.0,6.052420165453784,-6.395781326998579,137.66107553895938,False,,,,,,,,
706214,JZR427,Kuwait,2026-09-18 15:20:33+00:00,2026-09-18 15:20:35+00:00,55.7704,25.2531,11399.52,False,241.69,98.2,0.0,False,9K-CBD,,A320-251N,A20N,A20N,True,2026-09-18 15:00:00+00:00,73,25.342705,55.811687,10.793584454930503,250,-39.5,24.3,340.0,-3.189717662866113,-5.948798301438699,238.57445981521948,True,67150.0,0.4344658419955518,1372.9120607059438,3.900840953605585,3.114364585754263,0.023284915246909607,0.5213590103946621,0.013033975259866555
06a3b6,QTR8561,Qatar,2026-09-18 15:20:34+00:00,2026-09-18 15:20:34+00:00,49.317,26.4895,10728.96,False,256.26,88.73,0.0,True,,,,,,False,2026-09-18 15:00:00+00:00,74,26.537785,49.31643,5.369346576266415,250,-41.0,41.4,210.0,-5.969323941513605,9.829403424484747,250.48361162658017,False,,,,,,,,
06a2ed,QTR21Y,Qatar,2026-09-18 15:17:19+00:00,2026-09-18 15:20:34+00:00,51.7703,25.1535,1775.46,False,125.31,163.05,4.88,False,A7-BHJ,,,B789,B789,True,2026-09-18 15:00:00+00:00,75,25.202108,51.80346,6.352052985121652,850,26.8,14.7,296.0,-2.7822194853093083,2.988790030543517,122.5642275042065,True,215900.0,2.9947140562587102,9463.296417777525,98.62894740409239,1.767948892396833,0.0,3.593656867510452,0.0898414216877613
74482c,RJA614,Jordan,2026-09-18 15:20:32+00:00,2026-09-18 15:20:34+00:00,49.7854,27.1083,10751.82,False,240.3,110.69,-0.33,False,,,,,,False,2026-09-18 15:00:00+00:00,76,27.100174,49.755283,3.115011247584119,250,-41.0,43.7,217.0,-3.4090154203375373,11.65037498626937,237.1772961572051,False,,,,,,,,
4408fd,TAY400,Austria,2026-09-18 15:20:34+00:00,2026-09-18 15:20:34+00:00,55.1019,23.1981,10111.74,False,264.97,188.04,5.53,False,OE-IFB,Boeing Commercial Airplane Group,Boeing 747-4B5ERF,B744,B744,True,2026-09-18 15:00:00+00:00,77,23.233742,55.09434,4.03780699206056,300,-29.0,22.1,45.0,-4.905312694430681,-3.691051904265324,260.0908792086019,True,337280.0,5.2581522666546405,16615.761162628663,95.46868397289698,0.3735722185085646,0.46696527313570574,6.309782719985568,0.1577445679996392
39ceb1,TVF3459,France,2026-09-18 15:20:34+00:00,2026-09-18 15:20:35+00:00,34.89,31.9952,,True,1.03,19.69,,False,F-HTVR,,,B738,B738,True,2026-09-18 15:00:00+00:00,5,32.0,34.875,1.5118635050766782,,,,,,,,False,,,,,,,,
06a089,QTR1034,Qatar,2026-09-18 15:20:35+00:00,2026-09-18 15:20:35+00:00,51.8021,25.4027,3116.58,False,188.14,86.39,14.63,False,A7-AHC,Airbus,A320 232,A320,A320,True,2026-09-18 15:00:00+00:00,78,25.413004,51.776814,2.786202769656969,700,16.3,2.6,135.0,0.47751956501365556,0.5418302347606436,188.61829780501571,True,66300.0,1.6958388761466876,5358.850848623533,41.04815341825726,1.0031189741367974,0.20062379482735948,2.035006651376025,0.05087516628440063
06a098,QTR232,Qatar,2026-09-18 15:17:13+00:00,2026-09-18 15:20:33+00:00,51.7083,25.0537,868.68,False,96.87,300.65,-4.88,False,A7-AHQ,Airbus,A320 232SL,A320,A320,True,2026-09-18 15:00:00+00:00,79,25.06151,51.59483,11.462723641017385,850,27.2,15.9,297.0,4.407707693960736,-0.28117135174795527,101.2780979929639,True,66300.0,0.19970822726810575,631.0779981672142,0.8743278435223194,6.668359678004246,0.8089828198707346,0.2396498727217269,0.005991246818043172
a7488c,NCR869,United States,2026-09-18 15:20:35+00:00,2026-09-18 15:20:35+00:00,49.3706,23.8232,12672.06,False,250.04,108.47,0.0,True,,,,,,False,2026-09-18 15:00:00+00:00,80,23.796133,49.37632,3.0654500423597866,200,-52.5,19.0,162.0,3.137120646818325,4.244221049722918,253.2126928716894,False,,,,,,,,
778567,SYR504,Syrian Arab Republic,2026-09-18 15:20:35+00:00,2026-09-18 15:20:35+00:00,49.8873,26.8725,11056.62,False,235.56,288.2,0.0,False,YK-AKG,,,A320,A320,True,2026-09-18 15:00:00+00:00,44,26.81898,49.933556,7.515056301632592,250,-41.0,37.7,217.0,3.374837975052855,-9.91352141843382,239.1404079303172,True,66300.0,0.7591849011624264,2399.0242876732677,10.288429410620637,2.0526820652607345,0.16482301415727116,0.9110218813949117,0.022775547034872792
06a1c4,QTR1067,Qatar,2026-09-18 15:20:35+00:00,2026-09-18 15:20:35+00:00,53.5165,25.3181,6515.1,False,222.17,275.31,0.0,False,A7-LAC,Airbus,A320 214SL,A320,A320,True,2026-09-18 15:00:00+00:00,82,25.272406,53.51351,5.089824983402545,500,-4.2,25.3,95.0,-7.027674913379929,0.03802375149258914,215.1423284467345,True,66300.0,0.8675124567802469,2741.3393634255804,12.559812186975297,1.9595591965105437,0.1454683956522549,1.0410149481362962,0.026025373703407406
06a1bb,QTR120,Qatar,2026-09-18 15:16:09+00:00,2026-09-18 15:16:48+00:00,51.6421,25.2207,213.36,False,80.34,338.2,-3.9,False,A7-BEE,Boeing,Boeing 777 3DZER,B77W,B77W,True,2026-09-18 15:00:00+00:00,83,25.272406,51.567566,9.447142421870714,850,26.8,14.7,296.0,3.0249521015042298,-2.742859073068876,83.41006243122476,True,298775.0,1.866902637089179,5899.412333201806,26.93523884265719,14.557579414599914,1.2497772711401223,2.240283164507015,0.05600707911267537
801502,IGO1235,India,2026-09-18 15:20:31+00:00,2026-09-18 15:20:35+00:00,51.6053,26.4888,11071.86,False,234.88,290.38,0.0,False,VT-IMU,,,A21N,A21N,True,2026-09-18 15:00:00+00:00,84,26.537785,51.59868,5.48656703042705,250,-40.5,28.1,230.0,3.8578595177706276,-6.785544743939928,238.83427137787152,True,82450.0,0.5484270391842717,1733.0294438222986,5.758550590977013,2.476082095014591,0.030782833726680864,0.658112447021126,0.016452811175528152
801560,IGO097,India,2026-09-18 15:16:54+00:00,2026-09-18 15:19:18+00:00,50.0331,26.3279,2636.52,False,131.35,275.84,0.0,True,VT-IPM,,,A20N,A20N,True,2026-09-18 15:00:00+00:00,85,26.25659,49.989025,9.065335275871709,700,15.4,34.8,3.0,0.47895487526607167,9.654793973560663,132.1820274854976,True,67150.0,0.4260038685276575,1346.1722245473977,3.971393828620294,2.579799936496879,0.009885088618110811,0.511204642233189,0.012780116055829724
06a0bf,QTR1401,Qatar,2026-09-18 15:20:33+00:00,2026-09-18 15:20:35+00:00,49.5403,26.5081,10119.36,False,264.53,278.16,7.8,True,A7-BDA,Boeing,787 8,B788,B788,True,2026-09-18 15:00:00+00:00,86,26.537785,49.514885,4.158030976419104,300,-30.0,21.0,204.0,1.592219623851061,-5.611828084252168,266.18138250443513,True,193800.0,2.2923251614743387,7243.747510258911,68.16191858567962,1.8554556097371981,0.0,2.7507901937692063,0.06876975484423016
06a0f7,QTR1192,Qatar,2026-09-18 15:20:35+00:00,2026-09-18 15:20:35+00:00,51.23,26.0108,7376.16,False,226.63,297.15,7.15,False,A7-ALC,Airbus,Airbus A350-941,A359,A359,True,2026-09-18 15:00:00+00:00,87,26.045692,51.203503,4.697047279442764,500,-4.9,25.2,115.0,-6.995072249188377,0.2626104122738915,219.63508474816328,True,238000.0,3.3732190874163814,10659.372316235766,109.47202728731533,1.9666300888455865,0.0,4.047862904899658,0.10119657262249145
06a0fb,QTR964,Qatar,2026-09-18 15:20:34+00:00,2026-09-18 15:20:35+00:00,53.5354,24.7948,8412.48,False,247.47,96.45,3.58,False,A7-ALG,Airbus,A350 941,A359,A359,True,2026-09-18 15:00:00+00:00,88,24.780315,53.497852,4.118494281410659,300,-29.0,3.4,45.0,0.5885752787489251,-0.7386165784001875,248.05967492474997,True,238000.0,3.0220248703391124,9549.598590271595,89.68639180095097,2.025906298542081,0.001795421524711611,3.6264298444069345,0.09066074611017337
710dbf,KNE378,Saudi Arabia,2026-09-18 15:20:32+00:00,2026-09-18 15:20:32+00:00,39.0657,31.4515,10652.76,False,242.9,130.88,0.0,True,HZ-NS33,,A320-251N,A20N,A20N,True,2026-09-18 15:00:00+00:00,89,31.5,39.125,7.791620573843331,250,-43.5,102.0,233.0,-5.948862724458538,27.70178351773267,238.5649393063361,True,67150.0,0.44626689978441747,1410.2034033187592,4.078273808739676,3.1195715037451808,0.021205706669818723,0.5355202797413009,0.013388006993532523
09c026,BTO4130,Burkina Faso,2026-09-18 15:20:22+00:00,2026-09-18 15:20:35+00:00,54.5897,24.5927,1173.48,False,133.64,94.42,4.55,False,,,,,,False,2026-09-18 15:00:00+00:00,90,24.639717,54.635975,7.015366015029198,850,29.3,24.5,260.0,-6.591155327184064,1.6947736936494529,127.06014792439838,False,,,,,,,,
7105bc,KNE592,Saudi Arabia,2026-09-18 15:20:35+00:00,2026-09-18 15:20:35+00:00,38.4457,32.1943,10622.28,False,239.73,153.49,0.0,False,HZ-NS28,,A320-251N,A20N,A20N,True,2026-09-18 15:00:00+00:00,91,32.1875,38.375,6.695826575325299,250,-43.5,95.0,244.0,-0.23488912671918433,26.38784348688374,240.94444674259117,True,67150.0,0.4495647093861921,1420.6244816603669,4.1260214196173655,3.111918637003699,0.02144338743364294,0.5394776512634305,0.013486941281585762
7608f9,PIA726,Pakistan,2026-09-18 15:20:35+00:00,2026-09-18 15:20:35+00:00,50.2937,23.1717,12062.46,False,245.52,99.28,0.0,True,AP-BGY,Boeing,Boeing 777-240(LR),B77L,B77L,True,2026-09-18 15:00:00+00:00,92,23.233742,50.28302,6.98457002920893,200,-53.0,29.6,159.0,4.1458599586030855,7.1004776934553195,249.7668080677336,True,298775.0,3.228303757010445,10201.439872153005,81.73645511834093,3.0915887726377145,0.1974579734344086,3.873964508412534,0.09684911271031335
4bab45,THY5044,Turkey,2026-09-18 15:20:28+00:00,2026-09-18 15:20:29+00:00,38.8141,29.9986,11308.08,False,215.88,173.57,0.0,True,TC-JZE,Boeing,737NG 8F2/W,B738,B738,True,2026-09-18 15:00:00+00:00,93,30.0,38.8125,0.21902936866095712,250,-43.5,101.0,225.0,17.49180586461141,21.935152726288685,234.4004067778797,True,67150.0,0.7326213904850502,2315.0835939327585,9.493526144649737,1.6471028135561558,0.14340817803638015,0.8791456685820601,0.021978641714551505
70c13e,,Oman,2026-09-18 15:20:24+00:00,2026-09-18 15:20:33+00:00,48.6581,23.1965,11384.28,False,231.49,122.38,0.0,True,,,,,,False,2026-09-18 15:00:00+00:00,94,23.233742,48.679245,4.670987498534808,250,-40.5,36.3,172.0,6.532528181872578,7.681125351415093,238.14643312204882,False,,,,,,,,
7609e4,ABQ217,Pakistan,2026-09-18 15:20:35+00:00,2026-09-18 15:20:35+00:00,55.8216,25.3989,5280.66,False,189.17,103.2,11.38,False,AP-BOD,,,A21N,A21N,True,2026-09-18 15:00:00+00:00,95,25.413004,55.774647,4.9699508906630285,500,-3.5,21.2,47.0,3.2759630690573505,-4.893575207948822,192.50817068346174,True,82450.0,1.170325291941893,3698.227922536382,20.456618779697468,1.2137022087392306,0.06937310440823781,1.4043903503302715,0.03510975875825679
706077,KAC675,Kuwait,2026-09-18 15:20:34+00:00,2026-09-18 15:20:35+00:00,54.8529,25.6178,3810.0,False,147.77,118.26,-10.4,False,,,,,,False,2026-09-18 15:00:00+00:00,96,25.6239,54.880436,2.8429084400638227,700,14.8,24.7,192.0,1.921087578031909,6.586673530435817,149.83593016526635,False,,,,,,,,
70605b,KAC104,Kuwait,2026-09-18 15:20:32+00:00,2026-09-18 15:20:33+00:00,38.1241,32.7397,11247.12,False,254.91,153.38,0.0,False,9K-AOI,Boeing,Boeing 777-300(ER),B77W,B77W,True,2026-09-18 15:00:00+00:00,97,32.6875,38.125,5.804985878768181,250,-43.5,83.1,250.0,-2.661136599163456,22.929427157658573,253.28886220438565,True,298775.0,3.300469490638424,10429.48359041742,82.28025516643241,4.453604317425432,0.19678652524919543,3.9605633887661087,0.09901408471915273
8940d5,DHX184,Bahrain,2026-09-18 15:20:35+00:00,2026-09-18 15:20:35+00:00,36.2049,31.7467,1470.66,False,76.71,260.35,-1.3,False,,,,,,False,2026-09-18 15:00:00+00:00,98,31.6875,36.1875,6.785370011902467,850,17.0,41.9,284.0,10.661373646992331,4.668923486963418,87.49603293572495,False,,,,,,,,
8940bf,DHX517,Bahrain,2026-09-18 15:20:33+00:00,2026-09-18 15:20:33+00:00,53.5212,25.9246,12633.96,False,231.19,112.23,0.0,False,A9C-DHY,,,B763,B763,True,2026-09-18 15:00:00+00:00,99,25.905096,53.548035,3.450594116773443,200,-52.0,17.1,231.0,-2.2861501811559966,4.163654326334068,228.9417141528321,True,134895.0,1.4919920078577518,4714.694744830495,18.75667729296866,1.4122511922757275,0.21526800043443908,1.7903904094293022,0.044759760235732554
0102a9,NMA446,Egypt,2026-09-18 15:20:35+00:00,2026-09-18 15:20:35+00:00,37.0381,31.8779,10332.72,False,255.17,36.64,0.0,False,,,,,,False,2026-09-18 15:00:00+00:00,100,31.875,37.0,3.612033965120497,250,-44.5,69.4,260.0,-14.015988749478554,-13.235738567374066,241.5169598964853,False,,,,,,,,
8966d3,ETD79H,United Arab Emirates,2026-09-18 15:20:35+00:00,2026-09-18 15:20:35+00:00,52.7068,25.2613,9296.4,False,241.89,115.04,-10.73,False,,,,,,False,2026-09-18 15:00:00+00:00,101,25.342705,52.694805,9.131786551024527,300,-29.5,2.7,207.0,-0.025651336377414395,0.7495612109374743,241.86551014249085,False,,,,,,,,
8966ab,ETD74P,United Arab Emirates,2026-09-18 15:20:28+00:00,2026-09-18 15:20:28+00:00,54.6391,24.3365,1965.96,False,130.58,127.64,-5.2,False,,,,,,False,2026-09-18 15:00:00+00:00,102,24.288223,54.632587,5.408576090525525,850,29.3,23.4,253.0,-3.761627770336815,5.300958075426637,126.9291128602845,False,,,,,,,,
8966ac,ETD9GL,United Arab Emirates,2026-09-18 15:20:35+00:00,2026-09-18 15:20:35+00:00,55.072,24.3957,2575.56,False,135.51,288.37,-6.83,False,,,,,,False,2026-09-18 15:00:00+00:00,103,24.428822,55.133408,7.226704197997382,700,14.5,16.4,191.0,-0.5843699985259683,-4.5179196677869164,135.00124899207134,False,,,,,,,,
8966a3,ABY182,United Arab Emirates,2026-09-18 15:20:07+00:00,2026-09-18 15:20:35+00:00,49.542,27.0137,12039.6,False,247.32,85.11,0.0,True,,,,,,False,2026-09-18 15:00:00+00:00,104,27.029877,49.5,4.532579970964274,200,-52.5,38.6,216.0,-7.018861906041497,8.10565400980301,240.43780608751683,False,,,,,,,,
01026a,SVI1702,Egypt,2026-09-18 15:20:08+00:00,2026-09-18 15:20:08+00:00,55.5638,25.3044,251.46,False,62.66,302.25,-3.25,False,,,,,,False,2026-09-18 15:00:00+00:00,105,25.342705,55.616882,6.826921671217928,850,29.9,21.0,270.0,4.933412293273177,-3.112751342841067,67.665047154131,False,,,,,,,,
717c98,KNE320,Saudi Arabia,2026-09-18 15:20:01+00:00,2026-09-18 15:20:01+00:00,54.3766,22.2497,11094.72,False,244.53,278.59,0.0,True,,,,,,False,2026-09-18 15:00:00+00:00,106,22.17926,54.427246,9.409065777004225,250,-39.5,18.3,58.0,-3.860206459596769,3.3074285883545773,240.69251880074583,False,,,,,,,,
4d24b6,SQY517,Malta,2026-09-18 15:20:35+00:00,2026-09-18 15:20:35+00:00,34.9498,32.1053,2164.08,False,148.81,119.4,-0.98,False,,,,,,False,2026-09-18 15:00:00+00:00,1,32.125,35.0,5.210653847467999,850,15.8,35.8,277.0,-9.194096667589111,3.7895331870388382,139.66732268179547,False,,,,,,,,
0101b7,MSR930,Egypt,2026-09-18 15:20:35+00:00,2026-09-18 15:20:35+00:00,49.5606,26.598,11384.28,False,238.32,113.13,0.0,True,SU-GEG,Boeing,737NG 800/W,B738,B738,True,2026-09-18 15:00:00+00:00,108,26.608084,49.56954,1.4308480852297802,250,-41.0,39.6,215.0,-2.262609921522561,10.764785011463427,236.30271265265975,True,67150.0,0.7332353076443486,2317.0235721561417,9.536444439453092,1.6496214008159567,0.1453976998759274,0.8798823691732184,0.021997059229330457
717cb3,KNE396,Saudi Arabia,2026-09-18 15:20:06+00:00,2026-09-18 15:20:07+00:00,38.1711,32.6604,11902.44,False,230.76,153.38,0.0,False,,,,,,False,2026-09-18 15:00:00+00:00,109,32.6875,38.1875,3.3818298502489594,200,-52.0,108.1,240.0,1.770375276022841,29.975543525575176,234.4544916090576,False,,,,,,,,
4d23b7,VJT712,Malta,2026-09-18 15:20:35+00:00,2026-09-18 15:20:35+00:00,50.8048,22.8383,13860.78,False,255.69,269.42,-0.33,True,9H-VIK,,,GL7T,,True,2026-09-18 15:00:00+00:00,110,22.811949,50.8125,3.0345075838339377,200,-52.5,36.1,159.0,-3.4986836365593366,-9.39763480732071,252.3663519352308,False,,,,,,,,
717cc8,KNE224,Saudi Arabia,2026-09-18 15:20:35+00:00,2026-09-18 15:20:35+00:00,51.5393,24.9148,5638.8,False,198.64,172.71,12.35,False,HZ-NS54,,,A20N,A20N,True,2026-09-18 15:00:00+00:00,111,24.920912,51.483868,5.631152257405127,500,-5.1,33.5,105.0,3.529547662618177,-8.610206588394812,202.35281480523682,True,67150.0,0.9635055744875687,3044.677615380717,13.535863362511545,1.1210181959376555,0.0492568371804336,1.1562066893850824,0.02890516723462706
4d2426,WZZ3VY,Malta,2026-09-18 15:20:07+00:00,2026-09-18 15:20:07+00:00,34.8931,31.9956,,True,5.14,196.88,,False,9H-WBR,,,A21N,A21N,True,2026-09-18 15:00:00+00:00,5,32.0,34.875,1.7755838013727923,,,,,,,,False,,,,,,,,
800b30,AXB174,India,2026-09-18 15:20:28+00:00,2026-09-18 15:20:35+00:00,50.0398,26.7591,3749.04,False,146.15,106.78,3.9,True,VT-EXA,Airbus,A320 214SL,A320,A320,True,2026-09-18 15:00:00+00:00,112,26.74868,49.977875,6.256831896294801,700,15.2,41.2,6.0,-2.1405508094391275,-11.24247974755502,144.44761959631913,True,66300.0,1.0727481075491236,3389.8840198552307,17.551149822712325,1.9022599671581795,0.1506004409430831,1.2872977290589482,0.032182443226473706
3c4587,BOX728,Germany,2026-09-18 15:19:45+00:00,2026-09-18 15:20:18+00:00,52.6471,22.8052,12016.74,False,251.28,96.82,0.0,True,D-AALG,Boeing,777 FZN,B77L,B77L,True,2026-09-18 15:00:00+00:00,113,22.811949,52.59375,5.519632179227576,200,-52.0,27.0,148.0,4.701568600901444,5.843393935977415,256.04825466319636,True,298775.0,3.2454756421503084,10255.703029194974,82.59250949010945,3.035007061740341,0.19673610682401177,3.89457077058037,0.09736426926450925
a6630d,00000000,United States,2026-09-18 15:20:35+00:00,2026-09-18 15:20:35+00:00,53.6643,25.1575,6042.66,False,211.84,313.03,5.53,False,N510SP,Gulfstream Aerospace,G-IV,GLF4,,True,2026-09-18 15:00:00+00:00,114,25.202108,53.747303,9.7142997926563,500,-4.2,25.2,93.0,-5.359954427248685,4.502320350421238,206.52912653730772,False,,,,,,,,
4d20ef,CHG266,Malta,2026-09-18 15:20:34+00:00,2026-09-18 15:20:35+00:00,54.8918,24.7847,3611.88,False,175.29,209.35,5.53,False,9H-VMK,Cessna,Cessna Citation XLS,C56X,C56X,True,2026-09-18 15:00:00+00:00,115,24.780315,54.94635,5.528610314011343,700,14.3,19.0,199.0,5.191901097233662,-0.9482095064640712,180.48439191503454,True,5821.65,0.30522083876973227,964.497850512354,2.8243631695073743,0.7764001210962325,0.033274290904124246,0.3662650065236787,0.009156625163091969
4d2230,AXY277R,Malta,2026-09-18 15:20:33+00:00,2026-09-18 15:20:34+00:00,51.03,23.059,12664.44,False,229.53,99.55,0.33,True,9H-FAB,,,E190,E190,True,2026-09-18 15:00:00+00:00,116,23.093145,51.025105,3.8296297692413774,200,-53.0,32.8,156.0,5.035387463641242,7.593235066163628,234.68825751353253,True,42755.0,0.5443121762090564,1720.0264768206182,5.628491217586606,1.3218274870271598,0.08648606731686657,0.6531746114508676,0.01632936528627169
4d20dd,AXY940G,Malta,2026-09-18 15:20:34+00:00,2026-09-18 15:20:35+00:00,55.5728,24.8246,1935.48,False,139.4,261.51,-6.83,False,9H-IRA,Bombardier,Bombardier Global Express XRS,GLEX,,True,2026-09-18 15:00:00+00:00,117,24.780315,55.622314,7.016193830159409,850,29.8,19.4,279.0,5.1397574261460415,1.6195731095466908,144.5488308284308,False,,,,,,,,
710118,SVA550,Saudi Arabia,2026-09-18 15:20:34+00:00,2026-09-18 15:20:35+00:00,55.5276,25.1622,647.7,False,91.23,301.63,-0.33,False,HZ-AS56,Airbus,A320 214SL,A320,A320,True,2026-09-18 15:00:00+00:00,13,25.202108,55.49676,5.415042425421754,850,29.9,20.1,267.0,4.5941840449542095,-3.172866853840434,95.87669858705739,True,66300.0,0.7350671875578904,2322.8123126829337,8.30017536236184,1.6552652228277442,0.09699871421545797,0.8820806250694684,0.02205201562673671
451e8e,AIZ292,Bulgaria,2026-09-18 15:20:35+00:00,2026-09-18 15:20:35+00:00,34.4713,32.3199,2644.14,False,156.06,118.34,-2.6,False,LZ-FBD,Airbus,A320 214,A320,A320,True,2026-09-18 15:00:00+00:00,118,32.3125,34.5,2.8197274570985265,700,7.0,38.6,266.0,-9.059083096546036,5.7357704654727915,147.11277522121853,True,66300.0,0.5231747664158524,1653.2322618740934,4.880531717771055,3.9792513434079178,0.40442938496615477,0.6278097196990228,0.015695242992475572
711568,KNE720,Saudi Arabia,2026-09-18 15:20:31+00:00,2026-09-18 15:20:32+00:00,48.7317,26.4771,8641.08,False,242.28,77.62,-1.63,True,,,,,,False,2026-09-18 15:00:00+00:00,119,26.537785,48.721058,6.830448271252149,300,-30.0,28.1,200.0,-4.180125061082103,6.591908070094542,238.1911075122934,False,,,,,,,,
4d203d,CHZ4996,Malta,2026-09-18 15:19:53+00:00,2026-09-18 15:19:57+00:00,49.7868,22.9481,9730.74,False,254.97,272.89,0.0,True,9H-AFR,Bombardier,Bombardier Global 5000,GL5T,GL5T,True,2026-09-18 15:00:00+00:00,120,22.882248,49.83316,8.727132326389782,300,-29.0,30.1,157.0,-3.6508355155219228,-7.521939846272998,251.43170447703508,True,38420.0,0.4676372641696743,1477.7337547761708,3.8935661618739386,3.2233555463431482,0.0,0.5611647170036091,0.014029117925090229
